frase,situacao
sinto dor no peito e falta de ar,alto risco
tive uma dor forte no peito que irradia para o braço esquerdo,alto risco
estou com suor frio e aperto no peito há dez minutos,alto risco
sinto o coração disparado e quase desmaiei agora há pouco,alto risco
tenho falta de ar mesmo em repouso sem fazer nenhum esforço,alto risco
senti uma fraqueza súbita do lado direito do corpo,alto risco
estou com dificuldade para falar desde hoje de manhã,alto risco
minha pressão está muito alta e sinto uma dor de cabeça muito forte,alto risco
tive um desmaio súbito sem nenhum motivo aparente,alto risco
sinto dor no peito que piora bastante com o esforço físico,alto risco
estou com falta de ar intensa e não consigo terminar frases,alto risco
senti dormência no braço e no rosto do mesmo lado ao mesmo tempo,alto risco
tenho dor no peito acompanhada de náusea e suor frio,alto risco
minha visão ficou turva de repente e sinto uma tontura forte,alto risco
o coração está batendo muito rápido e de forma irregular há uma hora,alto risco
sinto um aperto muito forte no peito que não passa de jeito nenhum,alto risco
tive uma dor súbita e intensa no peito enquanto dormia,alto risco
estou com a boca torta e não consigo levantar o braço direito,alto risco
minha pressão arterial passou de dezoito por onze e sinto dor de cabeça,alto risco
sinto o coração falhando batidas e uma tontura muito forte,alto risco
tive uma crise de falta de ar que me impediu de falar direito,alto risco
sinto dor no peito que irradia para a mandíbula,alto risco
estou com sudorese intensa e dor no peito há vinte minutos,alto risco
tenho me sentido cansado demais para minhas tarefas diárias já há mais de uma semana mesmo dormindo bem,alto risco
sinto uma pressão forte no peito acompanhada de tontura,alto risco
tive perda de força na perna direita de forma repentina,alto risco
estou com falta de ar mesmo parado e os lábios arroxeados,alto risco
tenho notado que fico sem fôlego rápido ao fazer tarefas simples que antes não me cansavam,alto risco
sinto um formigamento no braço esquerdo de vez em quando sem dor forte mas já aconteceu várias vezes esta semana,alto risco
tenho sentido uma pressão leve no peito que vem e vai há dois dias mesmo em repouso,alto risco
tive um leve incômodo nas costas depois de dormir torto,baixo risco
sinto uma dorzinha muscular no braço depois da academia,baixo risco
estou um pouco cansado hoje mas nada muito diferente do normal,baixo risco
tive uma leve dor de cabeça que passou depois de descansar um pouco,baixo risco
sinto um formigamento leve na mão depois de digitar muito tempo,baixo risco
minha garganta está um pouco arranhando desde ontem,baixo risco
sinto um cansaço maior que o normal essa semana mas atribuo ao trabalho puxado e à falta de sono,baixo risco
sinto uma pontada leve no peito só quando respiro bem fundo,baixo risco
estou com um pouco de sono e preguiça hoje,baixo risco
tive uma cãibra leve na perna durante a noite,baixo risco
sinto um leve desconforto no estômago depois de comer rápido demais,baixo risco
minha pressão está normal só sinto um cansaço leve no fim do dia,baixo risco
tive um pequeno arranhão no braço que já cicatrizou bem,baixo risco
sinto uma leve dor no ombro depois de carregar peso,baixo risco
estou com um resfriado leve e alguns espirros ocasionais,baixo risco
tive uma leve tontura ao levantar rápido da cama mas passou logo,baixo risco
sinto uma dor leve no pescoço por ter dormido em posição ruim,baixo risco
estou com o olho um pouco irritado por causa da poeira,baixo risco
tive uma coceira leve na pele depois de pegar sol,baixo risco
sinto um leve incômodo no estômago que melhora assim que como algo,baixo risco
minha respiração está normal só um pouco de cansaço depois de correr,baixo risco
tive uma leve dor de dente que já melhorou sozinha,baixo risco
sinto um leve desconforto nas costas de ficar muito tempo sentado,baixo risco
estou com uma leve rouquidão depois de gritar na festa ontem,baixo risco
tive uma pequena dor de cabeça por causa do sol forte,baixo risco
sinto um leve cansaço nas pernas depois de uma caminhada longa,baixo risco
estou com uma leve coceira na garganta provavelmente alergia,baixo risco
tive uma dor no peito rápida tipo uma fisgada que passou em segundos quando mudei de posição,baixo risco
sinto um aperto leve no peito só quando fico muito estressado no trabalho e passa assim que relaxo,baixo risco
tive uma sensação de coração acelerado por alguns segundos depois do café e voltou ao normal rapidinho,baixo risco
