patient_id,idade,sexo,tipo_dor_peito,pressao_arterial_repouso,colesterol,glicemia_jejum,ecg_repouso,freq_cardiaca_max,angina_exercicio,depressao_st,inclinacao_st,vasos_coloridos_fluorscopia,talassemia,diagnostico
PAC-0001,52,1,0,125,212,0,1,168,0,1.0,2,2,3,0
PAC-0002,53,1,0,140,203,1,0,155,1,3.1,0,0,3,0
PAC-0003,70,1,0,145,174,0,1,125,1,2.6,0,0,3,0
PAC-0004,61,1,0,148,203,0,1,161,0,0.0,2,1,3,0
PAC-0005,62,0,0,138,294,1,1,106,0,1.9,1,3,2,0
PAC-0006,58,0,0,100,248,0,0,122,0,1.0,1,0,2,1
PAC-0007,58,1,0,114,318,0,2,140,0,4.4,0,3,1,0
PAC-0008,55,1,0,160,289,0,0,145,1,0.8,1,1,3,0
PAC-0009,46,1,0,120,249,0,0,144,0,0.8,2,0,3,0
PAC-0010,54,1,0,122,286,0,0,116,1,3.2,1,2,2,0
PAC-0011,71,0,0,112,149,0,1,125,0,1.6,1,0,2,1
PAC-0012,43,0,0,132,341,1,0,136,1,3.0,1,0,3,0
PAC-0013,34,0,1,118,210,0,1,192,0,0.7,2,0,2,1
PAC-0014,51,1,0,140,298,0,1,122,1,4.2,1,3,3,0
PAC-0015,52,1,0,128,204,1,1,156,1,1.0,1,0,0,0
PAC-0016,34,0,1,118,210,0,1,192,0,0.7,2,0,2,1
PAC-0017,51,0,2,140,308,0,0,142,0,1.5,2,1,2,1
PAC-0018,54,1,0,124,266,0,0,109,1,2.2,1,1,3,0
PAC-0019,50,0,1,120,244,0,1,162,0,1.1,2,0,2,1
PAC-0020,58,1,2,140,211,1,0,165,0,0.0,2,0,2,1
PAC-0021,60,1,2,140,185,0,0,155,0,3.0,1,0,2,0
PAC-0022,67,0,0,106,223,0,1,142,0,0.3,2,2,2,1
PAC-0023,45,1,0,104,208,0,0,148,1,3.0,1,0,2,1
PAC-0024,63,0,2,135,252,0,0,172,0,0.0,2,0,2,1
PAC-0025,42,0,2,120,209,0,1,173,0,0.0,1,0,2,1
PAC-0026,61,0,0,145,307,0,0,146,1,1.0,1,0,3,0
PAC-0027,44,1,2,130,233,0,1,179,1,0.4,2,0,2,1
PAC-0028,58,0,1,136,319,1,0,152,0,0.0,2,2,2,0
PAC-0029,56,1,2,130,256,1,0,142,1,0.6,1,1,1,0
PAC-0030,55,0,0,180,327,0,2,117,1,3.4,1,0,2,0
PAC-0031,44,1,0,120,169,0,1,144,1,2.8,0,0,1,0
PAC-0032,50,0,1,120,244,0,1,162,0,1.1,2,0,2,1
PAC-0033,57,1,0,130,131,0,1,115,1,1.2,1,1,3,0
PAC-0034,70,1,2,160,269,0,1,112,1,2.9,1,1,3,0
PAC-0035,50,1,2,129,196,0,1,163,0,0.0,2,0,2,1
PAC-0036,46,1,2,150,231,0,1,147,0,3.6,1,0,2,0
PAC-0037,51,1,3,125,213,0,0,125,1,1.4,2,1,2,1
PAC-0038,59,1,0,138,271,0,0,182,0,0.0,2,0,2,1
PAC-0039,64,1,0,128,263,0,1,105,1,0.2,1,1,3,1
PAC-0040,57,1,2,128,229,0,0,150,0,0.4,1,1,3,0
PAC-0041,65,0,2,160,360,0,0,151,0,0.8,2,0,2,1
PAC-0042,54,1,2,120,258,0,0,147,0,0.4,1,0,3,1
PAC-0043,61,0,0,130,330,0,0,169,0,0.0,2,0,2,0
PAC-0044,46,1,0,120,249,0,0,144,0,0.8,2,0,3,0
PAC-0045,55,0,1,132,342,0,1,166,0,1.2,2,0,2,1
PAC-0046,42,1,0,140,226,0,1,178,0,0.0,2,0,2,1
PAC-0047,41,1,1,135,203,0,1,132,0,0.0,1,0,1,1
PAC-0048,66,0,0,178,228,1,1,165,1,1.0,1,2,3,0
PAC-0049,66,0,2,146,278,0,0,152,0,0.0,1,1,2,1
PAC-0050,60,1,0,117,230,1,1,160,1,1.4,2,2,3,0
PAC-0051,58,0,3,150,283,1,0,162,0,1.0,2,0,2,1
PAC-0052,57,0,0,140,241,0,1,123,1,0.2,1,0,3,0
PAC-0053,38,1,2,138,175,0,1,173,0,0.0,2,4,2,1
PAC-0054,49,1,2,120,188,0,1,139,0,2.0,1,3,3,0
PAC-0055,55,1,0,140,217,0,1,111,1,5.6,0,0,3,0
PAC-0056,55,1,0,140,217,0,1,111,1,5.6,0,0,3,0
PAC-0057,56,1,3,120,193,0,0,162,0,1.9,1,0,3,1
PAC-0058,48,1,1,130,245,0,0,180,0,0.2,1,0,2,1
PAC-0059,67,1,2,152,212,0,0,150,0,0.8,1,0,3,0
PAC-0060,57,1,1,154,232,0,0,164,0,0.0,2,1,2,0
PAC-0061,29,1,1,130,204,0,0,202,0,0.0,2,0,2,1
PAC-0062,66,0,2,146,278,0,0,152,0,0.0,1,1,2,1
PAC-0063,67,1,0,100,299,0,0,125,1,0.9,1,2,2,0
PAC-0064,59,1,2,150,212,1,1,157,0,1.6,2,0,2,1
PAC-0065,29,1,1,130,204,0,0,202,0,0.0,2,0,2,1
PAC-0066,59,1,3,170,288,0,0,159,0,0.2,1,0,3,0
PAC-0067,53,1,2,130,197,1,0,152,0,1.2,0,0,2,1
PAC-0068,42,1,0,136,315,0,1,125,1,1.8,1,0,1,0
PAC-0069,37,0,2,120,215,0,1,170,0,0.0,2,0,2,1
PAC-0070,62,0,0,160,164,0,0,145,0,6.2,0,3,3,0
PAC-0071,59,1,0,170,326,0,0,140,1,3.4,0,0,3,0
PAC-0072,61,1,0,140,207,0,0,138,1,1.9,2,1,3,0
PAC-0073,56,1,0,125,249,1,0,144,1,1.2,1,1,2,0
PAC-0074,59,1,0,140,177,0,1,162,1,0.0,2,1,3,0
PAC-0075,48,1,0,130,256,1,0,150,1,0.0,2,2,3,0
PAC-0076,47,1,2,138,257,0,0,156,0,0.0,2,0,2,1
PAC-0077,48,1,2,124,255,1,1,175,0,0.0,2,2,2,1
PAC-0078,63,1,0,140,187,0,0,144,1,4.0,2,2,3,0
PAC-0079,52,1,1,134,201,0,1,158,0,0.8,2,1,2,1
PAC-0080,52,1,1,134,201,0,1,158,0,0.8,2,1,2,1
PAC-0081,50,1,2,140,233,0,1,163,0,0.6,1,1,3,0
PAC-0082,49,1,2,118,149,0,0,126,0,0.8,2,3,2,0
PAC-0083,46,1,2,150,231,0,1,147,0,3.6,1,0,2,0
PAC-0084,38,1,2,138,175,0,1,173,0,0.0,2,4,2,1
PAC-0085,37,0,2,120,215,0,1,170,0,0.0,2,0,2,1
PAC-0086,44,1,1,120,220,0,1,170,0,0.0,2,0,2,1
PAC-0087,58,1,2,140,211,1,0,165,0,0.0,2,0,2,1
PAC-0088,59,0,0,174,249,0,1,143,1,0.0,1,0,2,0
PAC-0089,62,0,0,140,268,0,0,160,0,3.6,0,2,2,0
PAC-0090,68,1,0,144,193,1,1,141,0,3.4,1,2,3,0
PAC-0091,54,0,2,108,267,0,0,167,0,0.0,2,0,2,1
PAC-0092,62,0,0,124,209,0,1,163,0,0.0,2,0,2,1
PAC-0093,63,1,0,140,187,0,0,144,1,4.0,2,2,3,0
PAC-0094,44,1,0,120,169,0,1,144,1,2.8,0,0,1,0
PAC-0095,62,1,1,128,208,1,0,140,0,0.0,2,0,2,1
PAC-0096,45,0,0,138,236,0,0,152,1,0.2,1,0,2,1
PAC-0097,57,0,0,128,303,0,0,159,0,0.0,2,1,2,1
PAC-0098,53,1,0,123,282,0,1,95,1,2.0,1,2,3,0
PAC-0099,65,1,0,110,248,0,0,158,0,0.6,2,2,1,0
PAC-0100,76,0,2,140,197,0,2,116,0,1.1,1,0,2,1
PAC-0101,43,0,2,122,213,0,1,165,0,0.2,1,0,2,1
PAC-0102,57,1,2,150,126,1,1,173,0,0.2,2,1,3,1
PAC-0103,54,1,1,108,309,0,1,156,0,0.0,2,0,3,1
PAC-0104,47,1,2,138,257,0,0,156,0,0.0,2,0,2,1
PAC-0105,52,1,3,118,186,0,0,190,0,0.0,1,0,1,1
PAC-0106,47,1,0,110,275,0,0,118,1,1.0,1,1,2,0
PAC-0107,51,1,0,140,299,0,1,173,1,1.6,2,0,3,0
PAC-0108,62,1,1,120,281,0,0,103,0,1.4,1,1,3,0
PAC-0109,40,1,0,152,223,0,1,181,0,0.0,2,0,3,0
PAC-0110,54,1,0,110,206,0,0,108,1,0.0,1,1,2,0
PAC-0111,44,1,0,110,197,0,0,177,0,0.0,2,1,2,0
PAC-0112,53,1,0,142,226,0,0,111,1,0.0,2,0,3,1
PAC-0113,48,1,0,130,256,1,0,150,1,0.0,2,2,3,0
PAC-0114,57,1,0,110,335,0,1,143,1,3.0,1,1,3,0
PAC-0115,59,1,2,126,218,1,1,134,0,2.2,1,1,1,0
PAC-0116,61,0,0,145,307,0,0,146,1,1.0,1,0,3,0
PAC-0117,63,1,0,130,254,0,0,147,0,1.4,1,1,3,0
PAC-0118,43,1,0,120,177,0,0,120,1,2.5,1,0,3,0
PAC-0119,29,1,1,130,204,0,0,202,0,0.0,2,0,2,1
PAC-0120,42,1,1,120,295,0,1,162,0,0.0,2,0,2,1
PAC-0121,54,1,1,108,309,0,1,156,0,0.0,2,0,3,1
PAC-0122,44,1,0,120,169,0,1,144,1,2.8,0,0,1,0
PAC-0123,60,1,0,145,282,0,0,142,1,2.8,1,2,3,0
PAC-0124,65,0,2,140,417,1,0,157,0,0.8,2,1,2,1
PAC-0125,61,1,0,120,260,0,1,140,1,3.6,1,1,3,0
PAC-0126,60,0,3,150,240,0,1,171,0,0.9,2,0,2,1
PAC-0127,66,1,0,120,302,0,0,151,0,0.4,1,0,2,1
PAC-0128,53,1,2,130,197,1,0,152,0,1.2,0,0,2,1
PAC-0129,52,1,2,138,223,0,1,169,0,0.0,2,4,2,1
PAC-0130,57,1,0,140,192,0,1,148,0,0.4,1,0,1,1
PAC-0131,60,0,3,150,240,0,1,171,0,0.9,2,0,2,1
PAC-0132,51,0,2,130,256,0,0,149,0,0.5,2,0,2,1
PAC-0133,41,1,1,135,203,0,1,132,0,0.0,1,0,1,1
PAC-0134,50,1,2,129,196,0,1,163,0,0.0,2,0,2,1
PAC-0135,54,1,1,108,309,0,1,156,0,0.0,2,0,3,1
PAC-0136,58,0,0,170,225,1,0,146,1,2.8,1,2,1,0
PAC-0137,55,0,1,132,342,0,1,166,0,1.2,2,0,2,1
PAC-0138,64,0,0,180,325,0,1,154,1,0.0,2,0,2,1
PAC-0139,47,1,2,138,257,0,0,156,0,0.0,2,0,2,1
PAC-0140,41,1,1,110,235,0,1,153,0,0.0,2,0,2,1
PAC-0141,57,1,0,152,274,0,1,88,1,1.2,1,1,3,0
PAC-0142,63,0,0,124,197,0,1,136,1,0.0,1,0,2,0
PAC-0143,61,1,3,134,234,0,1,145,0,2.6,1,2,2,0
PAC-0144,34,1,3,118,182,0,0,174,0,0.0,2,0,2,1
PAC-0145,47,1,0,112,204,0,1,143,0,0.1,2,0,2,1
PAC-0146,40,1,0,110,167,0,0,114,1,2.0,1,0,3,0
PAC-0147,51,0,2,120,295,0,0,157,0,0.6,2,0,2,1
PAC-0148,41,1,0,110,172,0,0,158,0,0.0,2,0,3,0
PAC-0149,52,1,3,152,298,1,1,178,0,1.2,1,0,3,1
PAC-0150,39,1,2,140,321,0,0,182,0,0.0,2,0,2,1
PAC-0151,58,1,0,114,318,0,2,140,0,4.4,0,3,1,0
PAC-0152,54,1,1,192,283,0,0,195,0,0.0,2,1,3,0
PAC-0153,58,1,0,125,300,0,0,171,0,0.0,2,2,3,0
PAC-0154,54,1,2,120,258,0,0,147,0,0.4,1,0,3,1
PAC-0155,63,1,0,130,330,1,0,132,1,1.8,2,3,3,0
PAC-0156,54,1,1,108,309,0,1,156,0,0.0,2,0,3,1
PAC-0157,40,1,3,140,199,0,1,178,1,1.4,2,0,3,1
PAC-0158,54,1,2,120,258,0,0,147,0,0.4,1,0,3,1
PAC-0159,67,0,2,115,564,0,0,160,0,1.6,1,0,3,1
PAC-0160,41,1,1,120,157,0,1,182,0,0.0,2,0,2,1
PAC-0161,77,1,0,125,304,0,0,162,1,0.0,2,3,2,0
PAC-0162,51,1,2,100,222,0,1,143,1,1.2,1,0,2,1
PAC-0163,77,1,0,125,304,0,0,162,1,0.0,2,3,2,0
PAC-0164,48,1,0,124,274,0,0,166,0,0.5,1,0,3,0
PAC-0165,56,1,0,125,249,1,0,144,1,1.2,1,1,2,0
PAC-0166,59,1,0,170,326,0,0,140,1,3.4,0,0,3,0
PAC-0167,56,1,0,132,184,0,0,105,1,2.1,1,1,1,0
PAC-0168,57,0,0,120,354,0,1,163,1,0.6,2,0,2,1
PAC-0169,43,1,2,130,315,0,1,162,0,1.9,2,1,2,1
PAC-0170,45,0,1,112,160,0,1,138,0,0.0,1,0,2,1
PAC-0171,43,1,0,150,247,0,1,171,0,1.5,2,0,2,1
PAC-0172,56,1,0,130,283,1,0,103,1,1.6,0,0,3,0
PAC-0173,56,1,1,120,240,0,1,169,0,0.0,0,0,2,1
PAC-0174,39,0,2,94,199,0,1,179,0,0.0,2,0,2,1
PAC-0175,54,1,0,110,239,0,1,126,1,2.8,1,1,3,0
PAC-0176,56,0,0,200,288,1,0,133,1,4.0,0,2,3,0
PAC-0177,56,1,0,130,283,1,0,103,1,1.6,0,0,3,0
PAC-0178,64,1,0,120,246,0,0,96,1,2.2,0,1,2,0
PAC-0179,44,1,0,110,197,0,0,177,0,0.0,2,1,2,0
PAC-0180,56,0,0,134,409,0,0,150,1,1.9,1,2,3,0
PAC-0181,63,1,0,140,187,0,0,144,1,4.0,2,2,3,0
PAC-0182,64,1,3,110,211,0,0,144,1,1.8,1,0,2,1
PAC-0183,60,1,0,140,293,0,0,170,0,1.2,1,2,3,0
PAC-0184,42,1,2,130,180,0,1,150,0,0.0,2,0,2,1
PAC-0185,45,1,1,128,308,0,0,170,0,0.0,2,0,2,1
PAC-0186,57,1,0,165,289,1,0,124,0,1.0,1,3,3,0
PAC-0187,40,1,0,110,167,0,0,114,1,2.0,1,0,3,0
PAC-0188,56,1,0,125,249,1,0,144,1,1.2,1,1,2,0
PAC-0189,63,1,0,130,254,0,0,147,0,1.4,1,1,3,0
PAC-0190,64,1,2,125,309,0,1,131,1,1.8,1,0,3,0
PAC-0191,41,1,2,112,250,0,1,179,0,0.0,2,0,2,1
PAC-0192,56,1,1,130,221,0,0,163,0,0.0,2,0,3,1
PAC-0193,67,0,2,115,564,0,0,160,0,1.6,1,0,3,1
PAC-0194,69,1,3,160,234,1,0,131,0,0.1,1,1,2,1
PAC-0195,67,1,0,160,286,0,0,108,1,1.5,1,3,2,0
PAC-0196,59,1,2,150,212,1,1,157,0,1.6,2,0,2,1
PAC-0197,58,1,0,100,234,0,1,156,0,0.1,2,1,3,0
PAC-0198,45,1,0,115,260,0,0,185,0,0.0,2,0,2,1
PAC-0199,60,0,2,102,318,0,1,160,0,0.0,2,1,2,1
PAC-0200,50,1,0,144,200,0,0,126,1,0.9,1,0,3,0
PAC-0201,62,0,0,124,209,0,1,163,0,0.0,2,0,2,1
PAC-0202,34,1,3,118,182,0,0,174,0,0.0,2,0,2,1
PAC-0203,52,1,3,152,298,1,1,178,0,1.2,1,0,3,1
PAC-0204,64,1,3,170,227,0,0,155,0,0.6,1,0,3,1
PAC-0205,66,0,2,146,278,0,0,152,0,0.0,1,1,2,1
PAC-0206,42,1,3,148,244,0,0,178,0,0.8,2,2,2,1
PAC-0207,59,1,2,126,218,1,1,134,0,2.2,1,1,1,0
PAC-0208,41,1,2,112,250,0,1,179,0,0.0,2,0,2,1
PAC-0209,38,1,2,138,175,0,1,173,0,0.0,2,4,2,1
PAC-0210,62,1,1,120,281,0,0,103,0,1.4,1,1,3,0
PAC-0211,42,1,2,120,240,1,1,194,0,0.8,0,0,3,1
PAC-0212,67,1,0,100,299,0,0,125,1,0.9,1,2,2,0
PAC-0213,50,1,0,150,243,0,0,128,0,2.6,1,0,3,0
PAC-0214,43,1,2,130,315,0,1,162,0,1.9,2,1,2,1
PAC-0215,45,1,1,128,308,0,0,170,0,0.0,2,0,2,1
PAC-0216,49,1,1,130,266,0,1,171,0,0.6,2,0,2,1
PAC-0217,65,1,0,135,254,0,0,127,0,2.8,1,1,3,0
PAC-0218,41,1,1,120,157,0,1,182,0,0.0,2,0,2,1
PAC-0219,46,1,0,140,311,0,1,120,1,1.8,1,2,3,0
PAC-0220,54,1,0,122,286,0,0,116,1,3.2,1,2,2,0
PAC-0221,57,0,1,130,236,0,0,174,0,0.0,1,1,2,0
PAC-0222,63,1,0,130,254,0,0,147,0,1.4,1,1,3,0
PAC-0223,64,1,3,110,211,0,0,144,1,1.8,1,0,2,1
PAC-0224,39,0,2,94,199,0,1,179,0,0.0,2,0,2,1
PAC-0225,51,1,0,140,261,0,0,186,1,0.0,2,0,2,1
PAC-0226,54,1,2,150,232,0,0,165,0,1.6,2,0,3,1
PAC-0227,49,1,2,118,149,0,0,126,0,0.8,2,3,2,0
PAC-0228,44,0,2,118,242,0,1,149,0,0.3,1,1,2,1
PAC-0229,52,1,1,128,205,1,1,184,0,0.0,2,0,2,1
PAC-0230,66,0,0,178,228,1,1,165,1,1.0,1,2,3,0
PAC-0231,58,1,0,125,300,0,0,171,0,0.0,2,2,3,0
PAC-0232,56,1,1,120,236,0,1,178,0,0.8,2,0,2,1
PAC-0233,60,1,0,125,258,0,0,141,1,2.8,1,1,3,0
PAC-0234,41,0,1,126,306,0,1,163,0,0.0,2,0,2,1
PAC-0235,49,0,0,130,269,0,1,163,0,0.0,2,0,2,1
PAC-0236,64,1,3,170,227,0,0,155,0,0.6,1,0,3,1
PAC-0237,49,1,2,118,149,0,0,126,0,0.8,2,3,2,0
PAC-0238,57,1,1,124,261,0,1,141,0,0.3,2,0,3,0
PAC-0239,60,1,0,117,230,1,1,160,1,1.4,2,2,3,0
PAC-0240,62,0,0,150,244,0,1,154,1,1.4,1,0,2,0
PAC-0241,54,0,1,132,288,1,0,159,1,0.0,2,1,2,1
PAC-0242,67,1,2,152,212,0,0,150,0,0.8,1,0,3,0
PAC-0243,38,1,2,138,175,0,1,173,0,0.0,2,4,2,1
PAC-0244,60,1,2,140,185,0,0,155,0,3.0,1,0,2,0
PAC-0245,51,1,2,125,245,1,0,166,0,2.4,1,0,2,1
PAC-0246,44,1,1,130,219,0,0,188,0,0.0,2,0,2,1
PAC-0247,54,1,1,192,283,0,0,195,0,0.0,2,1,3,0
PAC-0248,46,1,0,140,311,0,1,120,1,1.8,1,2,3,0
PAC-0249,39,0,2,138,220,0,1,152,0,0.0,1,0,2,1
PAC-0250,42,1,2,130,180,0,1,150,0,0.0,2,0,2,1
PAC-0251,47,1,0,110,275,0,0,118,1,1.0,1,1,2,0
PAC-0252,45,0,1,112,160,0,1,138,0,0.0,1,0,2,1
PAC-0253,55,1,0,132,353,0,1,132,1,1.2,1,1,3,0
PAC-0254,57,1,0,165,289,1,0,124,0,1.0,1,3,3,0
PAC-0255,35,1,0,120,198,0,1,130,1,1.6,1,0,3,0
PAC-0256,62,0,0,140,394,0,0,157,0,1.2,1,0,2,1
PAC-0257,35,0,0,138,183,0,1,182,0,1.4,2,0,2,1
PAC-0258,64,0,0,180,325,0,1,154,1,0.0,2,0,2,1
PAC-0259,38,1,3,120,231,0,1,182,1,3.8,1,0,3,0
PAC-0260,66,1,0,120,302,0,0,151,0,0.4,1,0,2,1
PAC-0261,44,1,2,120,226,0,1,169,0,0.0,2,0,2,1
PAC-0262,54,1,2,150,232,0,0,165,0,1.6,2,0,3,1
PAC-0263,48,1,0,122,222,0,0,186,0,0.0,2,0,2,1
PAC-0264,55,0,1,132,342,0,1,166,0,1.2,2,0,2,1
PAC-0265,58,0,0,170,225,1,0,146,1,2.8,1,2,1,0
PAC-0266,45,1,0,104,208,0,0,148,1,3.0,1,0,2,1
PAC-0267,53,1,0,123,282,0,1,95,1,2.0,1,2,3,0
PAC-0268,67,1,0,120,237,0,1,71,0,1.0,1,0,2,0
PAC-0269,58,1,2,132,224,0,0,173,0,3.2,2,2,3,0
PAC-0270,71,0,2,110,265,1,0,130,0,0.0,2,1,2,1
PAC-0271,43,1,0,110,211,0,1,161,0,0.0,2,0,3,1
PAC-0272,44,1,1,120,263,0,1,173,0,0.0,2,0,3,1
PAC-0273,39,0,2,138,220,0,1,152,0,0.0,1,0,2,1
PAC-0274,54,1,0,110,206,0,0,108,1,0.0,1,1,2,0
PAC-0275,66,1,0,160,228,0,0,138,0,2.3,2,0,1,1
PAC-0276,56,1,0,130,283,1,0,103,1,1.6,0,0,3,0
PAC-0277,57,1,0,132,207,0,1,168,1,0.0,2,0,3,1
PAC-0278,44,1,1,130,219,0,0,188,0,0.0,2,0,2,1
PAC-0279,55,1,0,160,289,0,0,145,1,0.8,1,1,3,0
PAC-0280,41,0,1,105,198,0,1,168,0,0.0,2,1,2,1
PAC-0281,45,0,1,130,234,0,0,175,0,0.6,1,0,2,1
PAC-0282,35,1,1,122,192,0,1,174,0,0.0,2,0,2,1
PAC-0283,41,0,1,130,204,0,0,172,0,1.4,2,0,2,1
PAC-0284,64,1,3,110,211,0,0,144,1,1.8,1,0,2,1
PAC-0285,58,1,2,132,224,0,0,173,0,3.2,2,2,3,0
PAC-0286,71,0,2,110,265,1,0,130,0,0.0,2,1,2,1
PAC-0287,64,0,2,140,313,0,1,133,0,0.2,2,0,3,1
PAC-0288,71,0,1,160,302,0,1,162,0,0.4,2,2,2,1
PAC-0289,58,0,2,120,340,0,1,172,0,0.0,2,0,2,1
PAC-0290,40,1,0,152,223,0,1,181,0,0.0,2,0,3,0
PAC-0291,52,1,2,138,223,0,1,169,0,0.0,2,4,2,1
PAC-0292,58,1,0,128,259,0,0,130,1,3.0,1,2,3,0
PAC-0293,61,1,2,150,243,1,1,137,1,1.0,1,0,2,1
PAC-0294,59,1,2,150,212,1,1,157,0,1.6,2,0,2,1
PAC-0295,56,0,0,200,288,1,0,133,1,4.0,0,2,3,0
PAC-0296,67,1,0,100,299,0,0,125,1,0.9,1,2,2,0
PAC-0297,67,1,0,120,237,0,1,71,0,1.0,1,0,2,0
PAC-0298,58,1,0,150,270,0,0,111,1,0.8,2,0,3,0
PAC-0299,35,1,1,122,192,0,1,174,0,0.0,2,0,2,1
PAC-0300,52,1,1,120,325,0,1,172,0,0.2,2,0,2,1
PAC-0301,46,0,1,105,204,0,1,172,0,0.0,2,0,2,1
PAC-0302,51,1,2,94,227,0,1,154,1,0.0,2,1,3,1
PAC-0303,55,0,1,132,342,0,1,166,0,1.2,2,0,2,1
PAC-0304,60,1,0,145,282,0,0,142,1,2.8,1,2,3,0
PAC-0305,52,0,2,136,196,0,0,169,0,0.1,1,0,2,1
PAC-0306,62,1,0,120,267,0,1,99,1,1.8,1,2,3,0
PAC-0307,44,0,2,118,242,0,1,149,0,0.3,1,1,2,1
PAC-0308,44,1,1,120,220,0,1,170,0,0.0,2,0,2,1
PAC-0309,59,1,2,126,218,1,1,134,0,2.2,1,1,1,0
PAC-0310,56,0,1,140,294,0,0,153,0,1.3,1,0,2,1
PAC-0311,61,1,0,120,260,0,1,140,1,3.6,1,1,3,0
PAC-0312,48,1,0,130,256,1,0,150,1,0.0,2,2,3,0
PAC-0313,70,1,2,160,269,0,1,112,1,2.9,1,1,3,0
PAC-0314,74,0,1,120,269,0,0,121,1,0.2,2,1,2,1
PAC-0315,40,1,3,140,199,0,1,178,1,1.4,2,0,3,1
PAC-0316,42,1,3,148,244,0,0,178,0,0.8,2,2,2,1
PAC-0317,64,0,2,140,313,0,1,133,0,0.2,2,0,3,1
PAC-0318,63,0,2,135,252,0,0,172,0,0.0,2,0,2,1
PAC-0319,59,1,0,140,177,0,1,162,1,0.0,2,1,3,0
PAC-0320,53,0,2,128,216,0,0,115,0,0.0,2,0,0,1
PAC-0321,53,0,0,130,264,0,0,143,0,0.4,1,0,2,1
PAC-0322,48,0,2,130,275,0,1,139,0,0.2,2,0,2,1
PAC-0323,45,1,0,142,309,0,0,147,1,0.0,1,3,3,0
PAC-0324,66,1,1,160,246,0,1,120,1,0.0,1,3,1,0
PAC-0325,48,1,1,130,245,0,0,180,0,0.2,1,0,2,1
PAC-0326,56,0,1,140,294,0,0,153,0,1.3,1,0,2,1
PAC-0327,54,1,1,192,283,0,0,195,0,0.0,2,1,3,0
PAC-0328,57,1,0,150,276,0,0,112,1,0.6,1,1,1,0
PAC-0329,70,1,0,130,322,0,0,109,0,2.4,1,3,2,0
PAC-0330,53,0,2,128,216,0,0,115,0,0.0,2,0,0,1
PAC-0331,37,0,2,120,215,0,1,170,0,0.0,2,0,2,1
PAC-0332,63,0,0,108,269,0,1,169,1,1.8,1,2,2,0
PAC-0333,37,1,2,130,250,0,1,187,0,3.5,0,0,2,1
PAC-0334,54,0,2,110,214,0,1,158,0,1.6,1,0,2,1
PAC-0335,60,1,0,130,206,0,0,132,1,2.4,1,2,3,0
PAC-0336,58,1,0,150,270,0,0,111,1,0.8,2,0,3,0
PAC-0337,57,1,2,150,126,1,1,173,0,0.2,2,1,3,1
PAC-0338,54,1,2,125,273,0,0,152,0,0.5,0,1,2,1
PAC-0339,56,1,2,130,256,1,0,142,1,0.6,1,1,1,0
PAC-0340,60,1,0,130,253,0,1,144,1,1.4,2,1,3,0
PAC-0341,38,1,2,138,175,0,1,173,0,0.0,2,4,2,1
PAC-0342,44,1,2,120,226,0,1,169,0,0.0,2,0,2,1
PAC-0343,65,0,2,155,269,0,1,148,0,0.8,2,0,2,1
PAC-0344,52,1,2,172,199,1,1,162,0,0.5,2,0,3,1
PAC-0345,41,1,1,120,157,0,1,182,0,0.0,2,0,2,1
PAC-0346,66,1,1,160,246,0,1,120,1,0.0,1,3,1,0
PAC-0347,50,1,0,150,243,0,0,128,0,2.6,1,0,3,0
PAC-0348,54,0,2,108,267,0,0,167,0,0.0,2,0,2,1
PAC-0349,43,1,0,132,247,1,0,143,1,0.1,1,4,3,0
PAC-0350,62,0,2,130,263,0,1,97,0,1.2,1,1,3,0
PAC-0351,66,1,0,120,302,0,0,151,0,0.4,1,0,2,1
PAC-0352,50,1,0,144,200,0,0,126,1,0.9,1,0,3,0
PAC-0353,57,1,0,110,335,0,1,143,1,3.0,1,1,3,0
PAC-0354,57,1,0,110,201,0,1,126,1,1.5,1,0,1,1
PAC-0355,57,1,1,124,261,0,1,141,0,0.3,2,0,3,0
PAC-0356,46,0,0,138,243,0,0,152,1,0.0,1,0,2,1
PAC-0357,59,1,0,164,176,1,0,90,0,1.0,1,2,1,0
PAC-0358,67,1,0,160,286,0,0,108,1,1.5,1,3,2,0
PAC-0359,59,1,3,134,204,0,1,162,0,0.8,2,2,2,0
PAC-0360,53,0,2,128,216,0,0,115,0,0.0,2,0,0,1
PAC-0361,48,1,0,122,222,0,0,186,0,0.0,2,0,2,1
PAC-0362,62,1,2,130,231,0,1,146,0,1.8,1,3,3,1
PAC-0363,43,0,2,122,213,0,1,165,0,0.2,1,0,2,1
PAC-0364,53,1,2,130,246,1,0,173,0,0.0,2,3,2,1
PAC-0365,57,0,1,130,236,0,0,174,0,0.0,1,1,2,0
PAC-0366,53,1,2,130,246,1,0,173,0,0.0,2,3,2,1
PAC-0367,58,1,2,112,230,0,0,165,0,2.5,1,1,3,0
PAC-0368,48,1,1,110,229,0,1,168,0,1.0,0,0,3,0
PAC-0369,58,1,2,105,240,0,0,154,1,0.6,1,0,3,1
PAC-0370,51,1,2,110,175,0,1,123,0,0.6,2,0,2,1
PAC-0371,43,0,0,132,341,1,0,136,1,3.0,1,0,3,0
PAC-0372,55,1,0,132,353,0,1,132,1,1.2,1,1,3,0
PAC-0373,54,0,2,110,214,0,1,158,0,1.6,1,0,2,1
PAC-0374,58,1,1,120,284,0,0,160,0,1.8,1,0,2,0
PAC-0375,46,0,2,142,177,0,0,160,1,1.4,0,0,2,1
PAC-0376,66,1,0,160,228,0,0,138,0,2.3,2,0,1,1
PAC-0377,59,1,1,140,221,0,1,164,1,0.0,2,0,2,1
PAC-0378,64,0,0,130,303,0,1,122,0,2.0,1,2,2,1
PAC-0379,67,1,0,120,237,0,1,71,0,1.0,1,0,2,0
PAC-0380,52,1,3,118,186,0,0,190,0,0.0,1,0,1,1
PAC-0381,58,1,0,146,218,0,1,105,0,2.0,1,1,3,0
PAC-0382,58,1,2,132,224,0,0,173,0,3.2,2,2,3,0
PAC-0383,59,1,0,110,239,0,0,142,1,1.2,1,1,3,0
PAC-0384,58,1,0,150,270,0,0,111,1,0.8,2,0,3,0
PAC-0385,35,1,0,126,282,0,0,156,1,0.0,2,0,3,0
PAC-0386,51,1,2,110,175,0,1,123,0,0.6,2,0,2,1
PAC-0387,42,0,2,120,209,0,1,173,0,0.0,1,0,2,1
PAC-0388,77,1,0,125,304,0,0,162,1,0.0,2,3,2,0
PAC-0389,64,1,0,120,246,0,0,96,1,2.2,0,1,2,0
PAC-0390,63,1,3,145,233,1,0,150,0,2.3,0,0,1,1
PAC-0391,58,0,1,136,319,1,0,152,0,0.0,2,2,2,0
PAC-0392,45,1,3,110,264,0,1,132,0,1.2,1,0,3,0
PAC-0393,51,1,2,110,175,0,1,123,0,0.6,2,0,2,1
PAC-0394,62,0,0,160,164,0,0,145,0,6.2,0,3,3,0
PAC-0395,63,1,0,130,330,1,0,132,1,1.8,2,3,3,0
PAC-0396,66,0,2,146,278,0,0,152,0,0.0,1,1,2,1
PAC-0397,68,1,2,180,274,1,0,150,1,1.6,1,0,3,0
PAC-0398,40,1,0,110,167,0,0,114,1,2.0,1,0,3,0
PAC-0399,66,1,0,160,228,0,0,138,0,2.3,2,0,1,1
PAC-0400,63,1,3,145,233,1,0,150,0,2.3,0,0,1,1
PAC-0401,49,1,2,120,188,0,1,139,0,2.0,1,3,3,0
PAC-0402,71,0,0,112,149,0,1,125,0,1.6,1,0,2,1
PAC-0403,70,1,1,156,245,0,0,143,0,0.0,2,0,2,1
PAC-0404,46,0,1,105,204,0,1,172,0,0.0,2,0,2,1
PAC-0405,61,1,0,140,207,0,0,138,1,1.9,2,1,3,0
PAC-0406,56,1,2,130,256,1,0,142,1,0.6,1,1,1,0
PAC-0407,58,1,2,140,211,1,0,165,0,0.0,2,0,2,1
PAC-0408,58,1,0,100,234,0,1,156,0,0.1,2,1,3,0
PAC-0409,46,0,0,138,243,0,0,152,1,0.0,1,0,2,1
PAC-0410,46,1,2,150,231,0,1,147,0,3.6,1,0,2,0
PAC-0411,41,0,1,105,198,0,1,168,0,0.0,2,1,2,1
PAC-0412,56,1,0,125,249,1,0,144,1,1.2,1,1,2,0
PAC-0413,57,1,0,150,276,0,0,112,1,0.6,1,1,1,0
PAC-0414,70,1,0,130,322,0,0,109,0,2.4,1,3,2,0
PAC-0415,59,1,3,170,288,0,0,159,0,0.2,1,0,3,0
PAC-0416,41,0,1,130,204,0,0,172,0,1.4,2,0,2,1
PAC-0417,54,1,2,125,273,0,0,152,0,0.5,0,1,2,1
PAC-0418,52,1,2,138,223,0,1,169,0,0.0,2,4,2,1
PAC-0419,62,0,0,124,209,0,1,163,0,0.0,2,0,2,1
PAC-0420,65,0,2,160,360,0,0,151,0,0.8,2,0,2,1
PAC-0421,57,0,0,128,303,0,0,159,0,0.0,2,1,2,1
PAC-0422,42,0,0,102,265,0,0,122,0,0.6,1,0,2,1
PAC-0423,57,0,0,120,354,0,1,163,1,0.6,2,0,2,1
PAC-0424,58,0,1,136,319,1,0,152,0,0.0,2,2,2,0
PAC-0425,45,1,0,142,309,0,0,147,1,0.0,1,3,3,0
PAC-0426,51,0,0,130,305,0,1,142,1,1.2,1,0,3,0
PAC-0427,54,0,2,160,201,0,1,163,0,0.0,2,1,2,1
PAC-0428,57,1,2,150,168,0,1,174,0,1.6,2,0,2,1
PAC-0429,43,1,0,132,247,1,0,143,1,0.1,1,4,3,0
PAC-0430,47,1,2,108,243,0,1,152,0,0.0,2,0,2,0
PAC-0431,67,1,2,152,212,0,0,150,0,0.8,1,0,3,0
PAC-0432,65,0,0,150,225,0,0,114,0,1.0,1,3,3,0
PAC-0433,60,0,2,102,318,0,1,160,0,0.0,2,1,2,1
PAC-0434,37,1,2,130,250,0,1,187,0,3.5,0,0,2,1
PAC-0435,41,0,2,112,268,0,0,172,1,0.0,2,0,2,1
PAC-0436,57,0,0,120,354,0,1,163,1,0.6,2,0,2,1
PAC-0437,59,0,0,174,249,0,1,143,1,0.0,1,0,2,0
PAC-0438,67,1,0,120,229,0,0,129,1,2.6,1,2,3,0
PAC-0439,47,1,2,130,253,0,1,179,0,0.0,2,0,2,1
PAC-0440,58,1,1,120,284,0,0,160,0,1.8,1,0,2,0
PAC-0441,62,0,0,150,244,0,1,154,1,1.4,1,0,2,0
PAC-0442,60,1,0,140,293,0,0,170,0,1.2,1,2,3,0
PAC-0443,57,1,0,152,274,0,1,88,1,1.2,1,1,3,0
PAC-0444,57,1,2,150,168,0,1,174,0,1.6,2,0,2,1
PAC-0445,47,1,2,130,253,0,1,179,0,0.0,2,0,2,1
PAC-0446,52,1,1,128,205,1,1,184,0,0.0,2,0,2,1
PAC-0447,53,1,2,130,246,1,0,173,0,0.0,2,3,2,1
PAC-0448,55,1,0,160,289,0,0,145,1,0.8,1,1,3,0
PAC-0449,51,0,2,120,295,0,0,157,0,0.6,2,0,2,1
PAC-0450,52,1,0,112,230,0,1,160,0,0.0,2,1,2,0
PAC-0451,63,0,0,150,407,0,0,154,0,4.0,1,3,3,0
PAC-0452,49,0,1,134,271,0,1,162,0,0.0,1,0,2,1
PAC-0453,66,0,0,178,228,1,1,165,1,1.0,1,2,3,0
PAC-0454,49,0,1,134,271,0,1,162,0,0.0,1,0,2,1
PAC-0455,65,0,0,150,225,0,0,114,0,1.0,1,3,3,0
PAC-0456,69,1,3,160,234,1,0,131,0,0.1,1,1,2,1
PAC-0457,47,1,2,108,243,0,1,152,0,0.0,2,0,2,0
PAC-0458,39,0,2,138,220,0,1,152,0,0.0,1,0,2,1
PAC-0459,43,1,0,150,247,0,1,171,0,1.5,2,0,2,1
PAC-0460,51,1,0,140,261,0,0,186,1,0.0,2,0,2,1
PAC-0461,69,1,2,140,254,0,0,146,0,2.0,1,3,3,0
PAC-0462,48,1,2,124,255,1,1,175,0,0.0,2,2,2,1
PAC-0463,52,1,3,118,186,0,0,190,0,0.0,1,0,1,1
PAC-0464,43,1,0,110,211,0,1,161,0,0.0,2,0,3,1
PAC-0465,67,0,2,115,564,0,0,160,0,1.6,1,0,3,1
PAC-0466,38,1,2,138,175,0,1,173,0,0.0,2,4,2,1
PAC-0467,44,1,1,130,219,0,0,188,0,0.0,2,0,2,1
PAC-0468,47,1,0,110,275,0,0,118,1,1.0,1,1,2,0
PAC-0469,61,1,2,150,243,1,1,137,1,1.0,1,0,2,1
PAC-0470,67,1,0,160,286,0,0,108,1,1.5,1,3,2,0
PAC-0471,60,0,3,150,240,0,1,171,0,0.9,2,0,2,1
PAC-0472,64,0,2,140,313,0,1,133,0,0.2,2,0,3,1
PAC-0473,58,0,0,130,197,0,1,131,0,0.6,1,0,2,1
PAC-0474,41,1,2,130,214,0,0,168,0,2.0,1,0,2,1
PAC-0475,48,1,1,110,229,0,1,168,0,1.0,0,0,3,0
PAC-0476,57,1,2,150,126,1,1,173,0,0.2,2,1,3,1
PAC-0477,57,1,0,165,289,1,0,124,0,1.0,1,3,3,0
PAC-0478,57,1,2,128,229,0,0,150,0,0.4,1,1,3,0
PAC-0479,39,1,2,140,321,0,0,182,0,0.0,2,0,2,1
PAC-0480,58,1,0,128,216,0,0,131,1,2.2,1,3,3,0
PAC-0481,51,0,0,130,305,0,1,142,1,1.2,1,0,3,0
PAC-0482,63,0,0,150,407,0,0,154,0,4.0,1,3,3,0
PAC-0483,51,1,0,140,298,0,1,122,1,4.2,1,3,3,0
PAC-0484,35,1,1,122,192,0,1,174,0,0.0,2,0,2,1
PAC-0485,65,1,0,110,248,0,0,158,0,0.6,2,2,1,0
PAC-0486,62,1,1,120,281,0,0,103,0,1.4,1,1,3,0
PAC-0487,41,1,0,110,172,0,0,158,0,0.0,2,0,3,0
PAC-0488,65,1,0,135,254,0,0,127,0,2.8,1,1,3,0
PAC-0489,54,0,1,132,288,1,0,159,1,0.0,2,1,2,1
PAC-0490,61,1,2,150,243,1,1,137,1,1.0,1,0,2,1
PAC-0491,57,0,0,128,303,0,0,159,0,0.0,2,1,2,1
PAC-0492,57,1,2,150,168,0,1,174,0,1.6,2,0,2,1
PAC-0493,64,1,2,125,309,0,1,131,1,1.8,1,0,3,0
PAC-0494,55,1,0,132,353,0,1,132,1,1.2,1,1,3,0
PAC-0495,51,1,2,125,245,1,0,166,0,2.4,1,0,2,1
PAC-0496,59,1,0,135,234,0,1,161,0,0.5,1,0,3,1
PAC-0497,68,1,2,180,274,1,0,150,1,1.6,1,0,3,0
PAC-0498,57,1,1,154,232,0,0,164,0,0.0,2,1,2,0
PAC-0499,54,1,0,140,239,0,1,160,0,1.2,2,0,2,1
PAC-0500,46,0,2,142,177,0,0,160,1,1.4,0,0,2,1
PAC-0501,71,0,0,112,149,0,1,125,0,1.6,1,0,2,1
PAC-0502,35,0,0,138,183,0,1,182,0,1.4,2,0,2,1
PAC-0503,46,0,2,142,177,0,0,160,1,1.4,0,0,2,1
PAC-0504,45,0,1,130,234,0,0,175,0,0.6,1,0,2,1
PAC-0505,47,1,2,108,243,0,1,152,0,0.0,2,0,2,0
PAC-0506,44,0,2,118,242,0,1,149,0,0.3,1,1,2,1
PAC-0507,61,1,0,120,260,0,1,140,1,3.6,1,1,3,0
PAC-0508,41,0,1,130,204,0,0,172,0,1.4,2,0,2,1
PAC-0509,56,0,0,200,288,1,0,133,1,4.0,0,2,3,0
PAC-0510,55,0,0,180,327,0,2,117,1,3.4,1,0,2,0
PAC-0511,54,0,1,132,288,1,0,159,1,0.0,2,1,2,1
PAC-0512,43,1,0,120,177,0,0,120,1,2.5,1,0,3,0
PAC-0513,44,1,0,112,290,0,0,153,0,0.0,2,1,2,0
PAC-0514,54,1,0,110,206,0,0,108,1,0.0,1,1,2,0
PAC-0515,44,1,1,120,220,0,1,170,0,0.0,2,0,2,1
PAC-0516,49,1,2,120,188,0,1,139,0,2.0,1,3,3,0
PAC-0517,60,1,0,130,206,0,0,132,1,2.4,1,2,3,0
PAC-0518,41,0,1,105,198,0,1,168,0,0.0,2,1,2,1
PAC-0519,49,1,2,120,188,0,1,139,0,2.0,1,3,3,0
PAC-0520,61,1,0,148,203,0,1,161,0,0.0,2,1,3,0
PAC-0521,59,1,0,140,177,0,1,162,1,0.0,2,1,3,0
PAC-0522,58,1,1,125,220,0,1,144,0,0.4,1,4,3,1
PAC-0523,67,0,2,152,277,0,1,172,0,0.0,2,1,2,1
PAC-0524,61,1,0,148,203,0,1,161,0,0.0,2,1,3,0
PAC-0525,58,1,2,112,230,0,0,165,0,2.5,1,1,3,0
PAC-0526,51,0,2,130,256,0,0,149,0,0.5,2,0,2,1
PAC-0527,62,0,0,160,164,0,0,145,0,6.2,0,3,3,0
PAC-0528,62,0,0,124,209,0,1,163,0,0.0,2,0,2,1
PAC-0529,59,1,3,178,270,0,0,145,0,4.2,0,0,3,1
PAC-0530,69,1,3,160,234,1,0,131,0,0.1,1,1,2,1
PAC-0531,60,0,0,150,258,0,0,157,0,2.6,1,2,3,0
PAC-0532,65,0,2,155,269,0,1,148,0,0.8,2,0,2,1
PAC-0533,63,0,0,124,197,0,1,136,1,0.0,1,0,2,0
PAC-0534,53,0,0,138,234,0,0,160,0,0.0,2,0,2,1
PAC-0535,54,0,2,108,267,0,0,167,0,0.0,2,0,2,1
PAC-0536,76,0,2,140,197,0,2,116,0,1.1,1,0,2,1
PAC-0537,50,0,2,120,219,0,1,158,0,1.6,1,0,2,1
PAC-0538,52,1,1,120,325,0,1,172,0,0.2,2,0,2,1
PAC-0539,46,1,0,120,249,0,0,144,0,0.8,2,0,3,0
PAC-0540,64,1,3,170,227,0,0,155,0,0.6,1,0,3,1
PAC-0541,58,1,0,128,259,0,0,130,1,3.0,1,2,3,0
PAC-0542,44,1,2,140,235,0,0,180,0,0.0,2,0,2,1
PAC-0543,62,0,0,140,394,0,0,157,0,1.2,1,0,2,1
PAC-0544,59,1,3,134,204,0,1,162,0,0.8,2,2,2,0
PAC-0545,54,1,2,125,273,0,0,152,0,0.5,0,1,2,1
PAC-0546,48,1,1,110,229,0,1,168,0,1.0,0,0,3,0
PAC-0547,70,1,0,130,322,0,0,109,0,2.4,1,3,2,0
PAC-0548,67,0,0,106,223,0,1,142,0,0.3,2,2,2,1
PAC-0549,51,0,2,120,295,0,0,157,0,0.6,2,0,2,1
PAC-0550,68,1,2,118,277,0,1,151,0,1.0,2,1,3,1
PAC-0551,69,1,2,140,254,0,0,146,0,2.0,1,3,3,0
PAC-0552,54,1,0,122,286,0,0,116,1,3.2,1,2,2,0
PAC-0553,43,0,0,132,341,1,0,136,1,3.0,1,0,3,0
PAC-0554,53,1,2,130,197,1,0,152,0,1.2,0,0,2,1
PAC-0555,58,1,0,100,234,0,1,156,0,0.1,2,1,3,0
PAC-0556,67,1,0,125,254,1,1,163,0,0.2,1,2,3,0
PAC-0557,59,1,0,140,177,0,1,162,1,0.0,2,1,3,0
PAC-0558,48,1,0,122,222,0,0,186,0,0.0,2,0,2,1
PAC-0559,39,0,2,94,199,0,1,179,0,0.0,2,0,2,1
PAC-0560,67,1,0,120,237,0,1,71,0,1.0,1,0,2,0
PAC-0561,58,0,0,130,197,0,1,131,0,0.6,1,0,2,1
PAC-0562,65,0,2,155,269,0,1,148,0,0.8,2,0,2,1
PAC-0563,42,0,2,120,209,0,1,173,0,0.0,1,0,2,1
PAC-0564,44,1,0,112,290,0,0,153,0,0.0,2,1,2,0
PAC-0565,56,1,0,132,184,0,0,105,1,2.1,1,1,1,0
PAC-0566,53,0,0,138,234,0,0,160,0,0.0,2,0,2,1
PAC-0567,50,0,0,110,254,0,0,159,0,0.0,2,0,2,1
PAC-0568,41,1,2,130,214,0,0,168,0,2.0,1,0,2,1
PAC-0569,54,0,2,160,201,0,1,163,0,0.0,2,1,2,1
PAC-0570,42,1,2,120,240,1,1,194,0,0.8,0,0,3,1
PAC-0571,54,0,2,135,304,1,1,170,0,0.0,2,0,2,1
PAC-0572,60,1,0,145,282,0,0,142,1,2.8,1,2,3,0
PAC-0573,34,1,3,118,182,0,0,174,0,0.0,2,0,2,1
PAC-0574,44,1,0,112,290,0,0,153,0,0.0,2,1,2,0
PAC-0575,60,1,0,125,258,0,0,141,1,2.8,1,1,3,0
PAC-0576,43,1,0,150,247,0,1,171,0,1.5,2,0,2,1
PAC-0577,52,1,3,152,298,1,1,178,0,1.2,1,0,3,1
PAC-0578,70,1,0,130,322,0,0,109,0,2.4,1,3,2,0
PAC-0579,62,0,0,140,394,0,0,157,0,1.2,1,0,2,1
PAC-0580,58,1,0,146,218,0,1,105,0,2.0,1,1,3,0
PAC-0581,46,1,1,101,197,1,1,156,0,0.0,2,0,3,1
PAC-0582,44,1,2,140,235,0,0,180,0,0.0,2,0,2,1
PAC-0583,55,1,1,130,262,0,1,155,0,0.0,2,0,2,1
PAC-0584,43,1,0,120,177,0,0,120,1,2.5,1,0,3,0
PAC-0585,55,1,0,132,353,0,1,132,1,1.2,1,1,3,0
PAC-0586,40,1,3,140,199,0,1,178,1,1.4,2,0,3,1
PAC-0587,64,1,2,125,309,0,1,131,1,1.8,1,0,3,0
PAC-0588,59,1,0,164,176,1,0,90,0,1.0,1,2,1,0
PAC-0589,61,0,0,145,307,0,0,146,1,1.0,1,0,3,0
PAC-0590,54,1,0,122,286,0,0,116,1,3.2,1,2,2,0
PAC-0591,74,0,1,120,269,0,0,121,1,0.2,2,1,2,1
PAC-0592,63,0,0,108,269,0,1,169,1,1.8,1,2,2,0
PAC-0593,70,1,2,160,269,0,1,112,1,2.9,1,1,3,0
PAC-0594,63,0,0,108,269,0,1,169,1,1.8,1,2,2,0
PAC-0595,64,1,0,145,212,0,0,132,0,2.0,1,2,1,0
PAC-0596,61,1,0,148,203,0,1,161,0,0.0,2,1,3,0
PAC-0597,59,1,1,140,221,0,1,164,1,0.0,2,0,2,1
PAC-0598,38,1,2,138,175,0,1,173,0,0.0,2,4,2,1
PAC-0599,58,1,1,120,284,0,0,160,0,1.8,1,0,2,0
PAC-0600,63,0,1,140,195,0,1,179,0,0.0,2,2,2,1
PAC-0601,62,0,2,130,263,0,1,97,0,1.2,1,1,3,0
PAC-0602,46,1,0,140,311,0,1,120,1,1.8,1,2,3,0
PAC-0603,58,0,2,120,340,0,1,172,0,0.0,2,0,2,1
PAC-0604,63,0,1,140,195,0,1,179,0,0.0,2,2,2,1
PAC-0605,47,1,2,130,253,0,1,179,0,0.0,2,0,2,1
PAC-0606,71,0,2,110,265,1,0,130,0,0.0,2,1,2,1
PAC-0607,66,1,0,112,212,0,0,132,1,0.1,2,1,2,0
PAC-0608,42,1,0,136,315,0,1,125,1,1.8,1,0,1,0
PAC-0609,64,1,0,145,212,0,0,132,0,2.0,1,2,1,0
PAC-0610,55,0,0,180,327,0,2,117,1,3.4,1,0,2,0
PAC-0611,43,0,0,132,341,1,0,136,1,3.0,1,0,3,0
PAC-0612,55,0,0,128,205,0,2,130,1,2.0,1,1,3,0
PAC-0613,58,0,0,170,225,1,0,146,1,2.8,1,2,1,0
PAC-0614,55,1,0,140,217,0,1,111,1,5.6,0,0,3,0
PAC-0615,51,0,0,130,305,0,1,142,1,1.2,1,0,3,0
PAC-0616,50,0,2,120,219,0,1,158,0,1.6,1,0,2,1
PAC-0617,43,1,0,115,303,0,1,181,0,1.2,1,0,2,1
PAC-0618,41,0,1,126,306,0,1,163,0,0.0,2,0,2,1
PAC-0619,49,1,1,130,266,0,1,171,0,0.6,2,0,2,1
PAC-0620,65,1,0,110,248,0,0,158,0,0.6,2,2,1,0
PAC-0621,57,1,0,152,274,0,1,88,1,1.2,1,1,3,0
PAC-0622,48,1,0,130,256,1,0,150,1,0.0,2,2,3,0
PAC-0623,62,0,0,138,294,1,1,106,0,1.9,1,3,2,0
PAC-0624,61,1,3,134,234,0,1,145,0,2.6,1,2,2,0
PAC-0625,59,1,3,178,270,0,0,145,0,4.2,0,0,3,1
PAC-0626,69,1,2,140,254,0,0,146,0,2.0,1,3,3,0
PAC-0627,58,1,2,132,224,0,0,173,0,3.2,2,2,3,0
PAC-0628,38,1,3,120,231,0,1,182,1,3.8,1,0,3,0
PAC-0629,69,0,3,140,239,0,1,151,0,1.8,2,2,2,1
PAC-0630,65,1,3,138,282,1,0,174,0,1.4,1,1,2,0
PAC-0631,45,1,3,110,264,0,1,132,0,1.2,1,0,3,0
PAC-0632,49,1,1,130,266,0,1,171,0,0.6,2,0,2,1
PAC-0633,45,0,1,130,234,0,0,175,0,0.6,1,0,2,1
PAC-0634,61,1,0,138,166,0,0,125,1,3.6,1,1,2,0
PAC-0635,52,1,0,125,212,0,1,168,0,1.0,2,2,3,0
PAC-0636,53,0,0,130,264,0,0,143,0,0.4,1,0,2,1
PAC-0637,59,0,0,174,249,0,1,143,1,0.0,1,0,2,0
PAC-0638,58,0,2,120,340,0,1,172,0,0.0,2,0,2,1
PAC-0639,65,1,3,138,282,1,0,174,0,1.4,1,1,2,0
PAC-0640,58,0,0,130,197,0,1,131,0,0.6,1,0,2,1
PAC-0641,46,0,0,138,243,0,0,152,1,0.0,1,0,2,1
PAC-0642,56,0,0,134,409,0,0,150,1,1.9,1,2,3,0
PAC-0643,64,1,0,128,263,0,1,105,1,0.2,1,1,3,1
PAC-0644,65,1,0,120,177,0,1,140,0,0.4,2,0,3,1
PAC-0645,44,1,2,120,226,0,1,169,0,0.0,2,0,2,1
PAC-0646,50,1,0,150,243,0,0,128,0,2.6,1,0,3,0
PAC-0647,47,1,2,108,243,0,1,152,0,0.0,2,0,2,0
PAC-0648,64,0,0,130,303,0,1,122,0,2.0,1,2,2,1
PAC-0649,71,0,0,112,149,0,1,125,0,1.6,1,0,2,1
PAC-0650,45,0,1,130,234,0,0,175,0,0.6,1,0,2,1
PAC-0651,62,1,0,120,267,0,1,99,1,1.8,1,2,3,0
PAC-0652,41,1,1,120,157,0,1,182,0,0.0,2,0,2,1
PAC-0653,66,0,3,150,226,0,1,114,0,2.6,0,0,2,1
PAC-0654,56,1,0,130,283,1,0,103,1,1.6,0,0,3,0
PAC-0655,41,0,1,126,306,0,1,163,0,0.0,2,0,2,1
PAC-0656,41,1,1,110,235,0,1,153,0,0.0,2,0,2,1
PAC-0657,57,0,1,130,236,0,0,174,0,0.0,1,1,2,0
PAC-0658,39,0,2,138,220,0,1,152,0,0.0,1,0,2,1
PAC-0659,64,1,2,125,309,0,1,131,1,1.8,1,0,3,0
PAC-0660,59,1,0,138,271,0,0,182,0,0.0,2,0,2,1
PAC-0661,61,1,0,138,166,0,0,125,1,3.6,1,1,2,0
PAC-0662,58,1,0,114,318,0,2,140,0,4.4,0,3,1,0
PAC-0663,47,1,0,112,204,0,1,143,0,0.1,2,0,2,1
PAC-0664,58,0,0,100,248,0,0,122,0,1.0,1,0,2,1
PAC-0665,66,0,3,150,226,0,1,114,0,2.6,0,0,2,1
PAC-0666,65,0,2,140,417,1,0,157,0,0.8,2,1,2,1
PAC-0667,35,1,1,122,192,0,1,174,0,0.0,2,0,2,1
PAC-0668,57,1,1,124,261,0,1,141,0,0.3,2,0,3,0
PAC-0669,29,1,1,130,204,0,0,202,0,0.0,2,0,2,1
PAC-0670,66,1,1,160,246,0,1,120,1,0.0,1,3,1,0
PAC-0671,61,0,0,130,330,0,0,169,0,0.0,2,0,2,0
PAC-0672,52,1,0,125,212,0,1,168,0,1.0,2,2,3,0
PAC-0673,68,1,2,118,277,0,1,151,0,1.0,2,1,3,1
PAC-0674,54,1,2,120,258,0,0,147,0,0.4,1,0,3,1
PAC-0675,63,1,0,130,330,1,0,132,1,1.8,2,3,3,0
PAC-0676,58,1,0,100,234,0,1,156,0,0.1,2,1,3,0
PAC-0677,60,1,0,130,253,0,1,144,1,1.4,2,1,3,0
PAC-0678,63,1,0,130,254,0,0,147,0,1.4,1,1,3,0
PAC-0679,41,0,2,112,268,0,0,172,1,0.0,2,0,2,1
PAC-0680,68,1,2,180,274,1,0,150,1,1.6,1,0,3,0
PAC-0681,42,1,1,120,295,0,1,162,0,0.0,2,0,2,1
PAC-0682,59,1,0,170,326,0,0,140,1,3.4,0,0,3,0
PAC-0683,59,1,0,164,176,1,0,90,0,1.0,1,2,1,0
PAC-0684,43,1,0,120,177,0,0,120,1,2.5,1,0,3,0
PAC-0685,60,1,2,140,185,0,0,155,0,3.0,1,0,2,0
PAC-0686,63,0,0,150,407,0,0,154,0,4.0,1,3,3,0
PAC-0687,52,1,0,128,204,1,1,156,1,1.0,1,0,0,0
PAC-0688,58,1,0,125,300,0,0,171,0,0.0,2,2,3,0
PAC-0689,56,0,0,200,288,1,0,133,1,4.0,0,2,3,0
PAC-0690,54,0,2,135,304,1,1,170,0,0.0,2,0,2,1
PAC-0691,58,1,2,105,240,0,0,154,1,0.6,1,0,3,1
PAC-0692,55,0,1,135,250,0,0,161,0,1.4,1,0,2,1
PAC-0693,53,1,0,140,203,1,0,155,1,3.1,0,0,3,0
PAC-0694,63,0,1,140,195,0,1,179,0,0.0,2,2,2,1
PAC-0695,39,1,0,118,219,0,1,140,0,1.2,1,0,3,0
PAC-0696,35,1,0,126,282,0,0,156,1,0.0,2,0,3,0
PAC-0697,50,0,2,120,219,0,1,158,0,1.6,1,0,2,1
PAC-0698,67,1,2,152,212,0,0,150,0,0.8,1,0,3,0
PAC-0699,66,1,0,112,212,0,0,132,1,0.1,2,1,2,0
PAC-0700,35,1,0,126,282,0,0,156,1,0.0,2,0,3,0
PAC-0701,41,1,2,130,214,0,0,168,0,2.0,1,0,2,1
PAC-0702,35,1,0,120,198,0,1,130,1,1.6,1,0,3,0
PAC-0703,71,0,1,160,302,0,1,162,0,0.4,2,2,2,1
PAC-0704,57,1,0,110,201,0,1,126,1,1.5,1,0,1,1
PAC-0705,51,1,2,94,227,0,1,154,1,0.0,2,1,3,1
PAC-0706,58,1,0,128,216,0,0,131,1,2.2,1,3,3,0
PAC-0707,57,1,2,128,229,0,0,150,0,0.4,1,1,3,0
PAC-0708,56,0,1,140,294,0,0,153,0,1.3,1,0,2,1
PAC-0709,60,0,2,120,178,1,1,96,0,0.0,2,0,2,1
PAC-0710,45,1,3,110,264,0,1,132,0,1.2,1,0,3,0
PAC-0711,56,1,1,130,221,0,0,163,0,0.0,2,0,3,1
PAC-0712,35,1,0,120,198,0,1,130,1,1.6,1,0,3,0
PAC-0713,45,0,1,112,160,0,1,138,0,0.0,1,0,2,1
PAC-0714,66,0,3,150,226,0,1,114,0,2.6,0,0,2,1
PAC-0715,51,1,3,125,213,0,0,125,1,1.4,2,1,2,1
PAC-0716,70,1,1,156,245,0,0,143,0,0.0,2,0,2,1
PAC-0717,55,0,0,128,205,0,2,130,1,2.0,1,1,3,0
PAC-0718,56,1,2,130,256,1,0,142,1,0.6,1,1,1,0
PAC-0719,55,0,1,135,250,0,0,161,0,1.4,1,0,2,1
PAC-0720,52,1,0,108,233,1,1,147,0,0.1,2,3,3,1
PAC-0721,64,1,2,140,335,0,1,158,0,0.0,2,0,2,0
PAC-0722,45,1,0,115,260,0,0,185,0,0.0,2,0,2,1
PAC-0723,67,0,2,152,277,0,1,172,0,0.0,2,1,2,1
PAC-0724,68,0,2,120,211,0,0,115,0,1.5,1,0,2,1
PAC-0725,74,0,1,120,269,0,0,121,1,0.2,2,1,2,1
PAC-0726,60,0,0,150,258,0,0,157,0,2.6,1,2,3,0
PAC-0727,48,1,0,124,274,0,0,166,0,0.5,1,0,3,0
PAC-0728,56,1,1,130,221,0,0,163,0,0.0,2,0,3,1
PAC-0729,46,1,0,140,311,0,1,120,1,1.8,1,2,3,0
PAC-0730,55,0,1,135,250,0,0,161,0,1.4,1,0,2,1
PAC-0731,44,1,1,120,220,0,1,170,0,0.0,2,0,2,1
PAC-0732,52,1,0,112,230,0,1,160,0,0.0,2,1,2,0
PAC-0733,51,1,2,94,227,0,1,154,1,0.0,2,1,3,1
PAC-0734,44,0,2,108,141,0,1,175,0,0.6,1,0,2,1
PAC-0735,52,1,0,128,204,1,1,156,1,1.0,1,0,0,0
PAC-0736,50,1,2,129,196,0,1,163,0,0.0,2,0,2,1
PAC-0737,59,1,0,110,239,0,0,142,1,1.2,1,1,3,0
PAC-0738,67,1,0,120,229,0,0,129,1,2.6,1,2,3,0
PAC-0739,58,1,0,125,300,0,0,171,0,0.0,2,2,3,0
PAC-0740,52,1,0,128,255,0,1,161,1,0.0,2,1,3,0
PAC-0741,44,1,2,140,235,0,0,180,0,0.0,2,0,2,1
PAC-0742,41,0,2,112,268,0,0,172,1,0.0,2,0,2,1
PAC-0743,63,1,0,130,330,1,0,132,1,1.8,2,3,3,0
PAC-0744,58,1,1,125,220,0,1,144,0,0.4,1,4,3,1
PAC-0745,60,0,2,102,318,0,1,160,0,0.0,2,1,2,1
PAC-0746,51,1,2,100,222,0,1,143,1,1.2,1,0,2,1
PAC-0747,64,1,2,140,335,0,1,158,0,0.0,2,0,2,0
PAC-0748,60,1,0,117,230,1,1,160,1,1.4,2,2,3,0
PAC-0749,44,1,2,120,226,0,1,169,0,0.0,2,0,2,1
PAC-0750,58,1,1,125,220,0,1,144,0,0.4,1,4,3,1
PAC-0751,55,1,1,130,262,0,1,155,0,0.0,2,0,2,1
PAC-0752,65,0,2,160,360,0,0,151,0,0.8,2,0,2,1
PAC-0753,48,1,1,130,245,0,0,180,0,0.2,1,0,2,1
PAC-0754,65,1,0,120,177,0,1,140,0,0.4,2,0,3,1
PAC-0755,51,0,2,130,256,0,0,149,0,0.5,2,0,2,1
PAC-0756,48,1,2,124,255,1,1,175,0,0.0,2,2,2,1
PAC-0757,64,1,0,120,246,0,0,96,1,2.2,0,1,2,0
PAC-0758,66,1,0,160,228,0,0,138,0,2.3,2,0,1,1
PAC-0759,46,0,1,105,204,0,1,172,0,0.0,2,0,2,1
PAC-0760,61,0,0,130,330,0,0,169,0,0.0,2,0,2,0
PAC-0761,57,1,0,150,276,0,0,112,1,0.6,1,1,1,0
PAC-0762,49,0,0,130,269,0,1,163,0,0.0,2,0,2,1
PAC-0763,56,1,1,130,221,0,0,163,0,0.0,2,0,3,1
PAC-0764,58,0,3,150,283,1,0,162,0,1.0,2,0,2,1
PAC-0765,63,1,0,140,187,0,0,144,1,4.0,2,2,3,0
PAC-0766,57,1,0,110,335,0,1,143,1,3.0,1,1,3,0
PAC-0767,57,1,0,110,335,0,1,143,1,3.0,1,1,3,0
PAC-0768,68,1,0,144,193,1,1,141,0,3.4,1,2,3,0
PAC-0769,46,1,1,101,197,1,1,156,0,0.0,2,0,3,1
PAC-0770,71,0,2,110,265,1,0,130,0,0.0,2,1,2,1
PAC-0771,41,1,1,135,203,0,1,132,0,0.0,1,0,1,1
PAC-0772,45,0,0,138,236,0,0,152,1,0.2,1,0,2,1
PAC-0773,62,0,0,150,244,0,1,154,1,1.4,1,0,2,0
PAC-0774,65,0,0,150,225,0,0,114,0,1.0,1,3,3,0
PAC-0775,48,0,2,130,275,0,1,139,0,0.2,2,0,2,1
PAC-0776,51,1,2,100,222,0,1,143,1,1.2,1,0,2,1
PAC-0777,61,0,0,145,307,0,0,146,1,1.0,1,0,3,0
PAC-0778,53,1,0,123,282,0,1,95,1,2.0,1,2,3,0
PAC-0779,59,1,3,134,204,0,1,162,0,0.8,2,2,2,0
PAC-0780,34,0,1,118,210,0,1,192,0,0.7,2,0,2,1
PAC-0781,44,1,0,120,169,0,1,144,1,2.8,0,0,1,0
PAC-0782,58,1,0,146,218,0,1,105,0,2.0,1,1,3,0
PAC-0783,64,0,0,130,303,0,1,122,0,2.0,1,2,2,1
PAC-0784,56,1,1,120,240,0,1,169,0,0.0,0,0,2,1
PAC-0785,54,1,2,150,232,0,0,165,0,1.6,2,0,3,1
PAC-0786,55,1,0,160,289,0,0,145,1,0.8,1,1,3,0
PAC-0787,67,1,0,125,254,1,1,163,0,0.2,1,2,3,0
PAC-0788,51,1,0,140,298,0,1,122,1,4.2,1,3,3,0
PAC-0789,62,0,0,138,294,1,1,106,0,1.9,1,3,2,0
PAC-0790,62,1,1,120,281,0,0,103,0,1.4,1,1,3,0
PAC-0791,54,1,0,110,239,0,1,126,1,2.8,1,1,3,0
PAC-0792,54,1,0,110,239,0,1,126,1,2.8,1,1,3,0
PAC-0793,68,1,0,144,193,1,1,141,0,3.4,1,2,3,0
PAC-0794,60,0,2,120,178,1,1,96,0,0.0,2,0,2,1
PAC-0795,61,1,3,134,234,0,1,145,0,2.6,1,2,2,0
PAC-0796,62,1,1,128,208,1,0,140,0,0.0,2,0,2,1
PAC-0797,41,1,1,135,203,0,1,132,0,0.0,1,0,1,1
PAC-0798,65,0,0,150,225,0,0,114,0,1.0,1,3,3,0
PAC-0799,59,1,3,170,288,0,0,159,0,0.2,1,0,3,0
PAC-0800,43,1,0,115,303,0,1,181,0,1.2,1,0,2,1
PAC-0801,67,1,0,120,229,0,0,129,1,2.6,1,2,3,0
PAC-0802,63,1,3,145,233,1,0,150,0,2.3,0,0,1,1
PAC-0803,63,0,0,124,197,0,1,136,1,0.0,1,0,2,0
PAC-0804,52,1,0,112,230,0,1,160,0,0.0,2,1,2,0
PAC-0805,58,0,0,130,197,0,1,131,0,0.6,1,0,2,1
PAC-0806,53,1,0,142,226,0,0,111,1,0.0,2,0,3,1
PAC-0807,57,1,0,150,276,0,0,112,1,0.6,1,1,1,0
PAC-0808,44,1,2,130,233,0,1,179,1,0.4,2,0,2,1
PAC-0809,51,1,2,94,227,0,1,154,1,0.0,2,1,3,1
PAC-0810,54,0,2,110,214,0,1,158,0,1.6,1,0,2,1
PAC-0811,40,1,0,110,167,0,0,114,1,2.0,1,0,3,0
PAC-0812,57,1,1,124,261,0,1,141,0,0.3,2,0,3,0
PAC-0813,62,0,0,140,268,0,0,160,0,3.6,0,2,2,0
PAC-0814,53,1,0,140,203,1,0,155,1,3.1,0,0,3,0
PAC-0815,62,1,1,128,208,1,0,140,0,0.0,2,0,2,1
PAC-0816,58,1,2,105,240,0,0,154,1,0.6,1,0,3,1
PAC-0817,70,1,1,156,245,0,0,143,0,0.0,2,0,2,1
PAC-0818,45,1,0,115,260,0,0,185,0,0.0,2,0,2,1
PAC-0819,42,1,3,148,244,0,0,178,0,0.8,2,2,2,1
PAC-0820,58,0,0,170,225,1,0,146,1,2.8,1,2,1,0
PAC-0821,61,1,0,140,207,0,0,138,1,1.9,2,1,3,0
PAC-0822,62,0,0,140,268,0,0,160,0,3.6,0,2,2,0
PAC-0823,60,1,0,130,253,0,1,144,1,1.4,2,1,3,0
PAC-0824,54,1,0,140,239,0,1,160,0,1.2,2,0,2,1
PAC-0825,61,1,0,138,166,0,0,125,1,3.6,1,1,2,0
PAC-0826,63,0,2,135,252,0,0,172,0,0.0,2,0,2,1
PAC-0827,42,1,2,130,180,0,1,150,0,0.0,2,0,2,1
PAC-0828,57,1,2,128,229,0,0,150,0,0.4,1,1,3,0
PAC-0829,44,1,2,130,233,0,1,179,1,0.4,2,0,2,1
PAC-0830,54,1,0,124,266,0,0,109,1,2.2,1,1,3,0
PAC-0831,51,1,2,100,222,0,1,143,1,1.2,1,0,2,1
PAC-0832,58,1,1,125,220,0,1,144,0,0.4,1,4,3,1
PAC-0833,68,1,2,118,277,0,1,151,0,1.0,2,1,3,1
PAC-0834,55,1,0,140,217,0,1,111,1,5.6,0,0,3,0
PAC-0835,42,1,0,136,315,0,1,125,1,1.8,1,0,1,0
PAC-0836,49,1,2,118,149,0,0,126,0,0.8,2,3,2,0
PAC-0837,53,0,0,138,234,0,0,160,0,0.0,2,0,2,1
PAC-0838,52,1,2,172,199,1,1,162,0,0.5,2,0,3,1
PAC-0839,51,1,3,125,213,0,0,125,1,1.4,2,1,2,1
PAC-0840,51,1,0,140,261,0,0,186,1,0.0,2,0,2,1
PAC-0841,70,1,0,145,174,0,1,125,1,2.6,0,0,3,0
PAC-0842,35,0,0,138,183,0,1,182,0,1.4,2,0,2,1
PAC-0843,58,1,2,112,230,0,0,165,0,2.5,1,1,3,0
PAC-0844,59,1,3,160,273,0,0,125,0,0.0,2,0,2,0
PAC-0845,60,1,0,140,293,0,0,170,0,1.2,1,2,3,0
PAC-0846,56,1,0,132,184,0,0,105,1,2.1,1,1,1,0
PAC-0847,35,0,0,138,183,0,1,182,0,1.4,2,0,2,1
PAC-0848,61,1,0,138,166,0,0,125,1,3.6,1,1,2,0
PAC-0849,58,0,3,150,283,1,0,162,0,1.0,2,0,2,1
PAC-0850,52,1,0,128,255,0,1,161,1,0.0,2,1,3,0
PAC-0851,58,1,1,120,284,0,0,160,0,1.8,1,0,2,0
PAC-0852,37,1,2,130,250,0,1,187,0,3.5,0,0,2,1
PAC-0853,52,1,0,128,255,0,1,161,1,0.0,2,1,3,0
PAC-0854,67,1,0,120,229,0,0,129,1,2.6,1,2,3,0
PAC-0855,65,1,3,138,282,1,0,174,0,1.4,1,1,2,0
PAC-0856,46,1,1,101,197,1,1,156,0,0.0,2,0,3,1
PAC-0857,68,0,2,120,211,0,0,115,0,1.5,1,0,2,1
PAC-0858,43,1,0,115,303,0,1,181,0,1.2,1,0,2,1
PAC-0859,68,0,2,120,211,0,0,115,0,1.5,1,0,2,1
PAC-0860,51,1,0,140,299,0,1,173,1,1.6,2,0,3,0
PAC-0861,52,1,0,112,230,0,1,160,0,0.0,2,1,2,0
PAC-0862,64,1,2,140,335,0,1,158,0,0.0,2,0,2,0
PAC-0863,59,1,3,170,288,0,0,159,0,0.2,1,0,3,0
PAC-0864,52,1,0,125,212,0,1,168,0,1.0,2,2,3,0
PAC-0865,59,1,3,160,273,0,0,125,0,0.0,2,0,2,0
PAC-0866,60,0,3,150,240,0,1,171,0,0.9,2,0,2,1
PAC-0867,41,1,2,112,250,0,1,179,0,0.0,2,0,2,1
PAC-0868,41,1,1,110,235,0,1,153,0,0.0,2,0,2,1
PAC-0869,56,1,1,120,240,0,1,169,0,0.0,0,0,2,1
PAC-0870,56,1,1,120,236,0,1,178,0,0.8,2,0,2,1
PAC-0871,48,0,2,130,275,0,1,139,0,0.2,2,0,2,1
PAC-0872,39,1,2,140,321,0,0,182,0,0.0,2,0,2,1
PAC-0873,64,1,3,170,227,0,0,155,0,0.6,1,0,3,1
PAC-0874,57,1,0,140,192,0,1,148,0,0.4,1,0,1,1
PAC-0875,59,1,3,160,273,0,0,125,0,0.0,2,0,2,0
PAC-0876,60,1,0,130,206,0,0,132,1,2.4,1,2,3,0
PAC-0877,61,1,0,140,207,0,0,138,1,1.9,2,1,3,0
PAC-0878,43,0,2,122,213,0,1,165,0,0.2,1,0,2,1
PAC-0879,54,1,0,120,188,0,1,113,0,1.4,1,1,3,0
PAC-0880,59,1,0,138,271,0,0,182,0,0.0,2,0,2,1
PAC-0881,57,1,0,132,207,0,1,168,1,0.0,2,0,3,1
PAC-0882,57,1,1,154,232,0,0,164,0,0.0,2,1,2,0
PAC-0883,57,1,0,130,131,0,1,115,1,1.2,1,1,3,0
PAC-0884,48,1,0,124,274,0,0,166,0,0.5,1,0,3,0
PAC-0885,70,1,0,145,174,0,1,125,1,2.6,0,0,3,0
PAC-0886,57,1,0,165,289,1,0,124,0,1.0,1,3,3,0
PAC-0887,61,1,0,120,260,0,1,140,1,3.6,1,1,3,0
PAC-0888,57,1,0,110,201,0,1,126,1,1.5,1,0,1,1
PAC-0889,60,0,0,150,258,0,0,157,0,2.6,1,2,3,0
PAC-0890,63,0,0,150,407,0,0,154,0,4.0,1,3,3,0
PAC-0891,55,0,0,128,205,0,2,130,1,2.0,1,1,3,0
PAC-0892,64,0,0,180,325,0,1,154,1,0.0,2,0,2,1
PAC-0893,54,1,0,110,239,0,1,126,1,2.8,1,1,3,0
PAC-0894,52,1,0,128,204,1,1,156,1,1.0,1,0,0,0
PAC-0895,51,1,0,140,299,0,1,173,1,1.6,2,0,3,0
PAC-0896,62,0,2,130,263,0,1,97,0,1.2,1,1,3,0
PAC-0897,59,1,3,178,270,0,0,145,0,4.2,0,0,3,1
PAC-0898,52,1,1,134,201,0,1,158,0,0.8,2,1,2,1
PAC-0899,42,0,0,102,265,0,0,122,0,0.6,1,0,2,1
PAC-0900,59,1,0,135,234,0,1,161,0,0.5,1,0,3,1
PAC-0901,61,1,3,134,234,0,1,145,0,2.6,1,2,2,0
PAC-0902,42,0,0,102,265,0,0,122,0,0.6,1,0,2,1
PAC-0903,62,0,0,140,268,0,0,160,0,3.6,0,2,2,0
PAC-0904,59,1,2,126,218,1,1,134,0,2.2,1,1,1,0
PAC-0905,55,1,1,130,262,0,1,155,0,0.0,2,0,2,1
PAC-0906,64,1,0,120,246,0,0,96,1,2.2,0,1,2,0
PAC-0907,42,1,0,140,226,0,1,178,0,0.0,2,0,2,1
PAC-0908,50,0,1,120,244,0,1,162,0,1.1,2,0,2,1
PAC-0909,62,1,0,120,267,0,1,99,1,1.8,1,2,3,0
PAC-0910,50,1,0,144,200,0,0,126,1,0.9,1,0,3,0
PAC-0911,50,1,2,140,233,0,1,163,0,0.6,1,1,3,0
PAC-0912,58,0,1,136,319,1,0,152,0,0.0,2,2,2,0
PAC-0913,35,1,0,120,198,0,1,130,1,1.6,1,0,3,0
PAC-0914,45,1,0,104,208,0,0,148,1,3.0,1,0,2,1
PAC-0915,66,1,0,112,212,0,0,132,1,0.1,2,1,2,0
PAC-0916,46,1,0,120,249,0,0,144,0,0.8,2,0,3,0
PAC-0917,65,1,0,135,254,0,0,127,0,2.8,1,1,3,0
PAC-0918,47,1,2,130,253,0,1,179,0,0.0,2,0,2,1
PAC-0919,59,1,3,134,204,0,1,162,0,0.8,2,2,2,0
PAC-0920,38,1,3,120,231,0,1,182,1,3.8,1,0,3,0
PAC-0921,39,1,0,118,219,0,1,140,0,1.2,1,0,3,0
PAC-0922,58,1,0,146,218,0,1,105,0,2.0,1,1,3,0
PAC-0923,44,1,1,120,263,0,1,173,0,0.0,2,0,3,1
PAC-0924,54,1,0,140,239,0,1,160,0,1.2,2,0,2,1
PAC-0925,61,0,0,130,330,0,0,169,0,0.0,2,0,2,0
PAC-0926,57,1,0,130,131,0,1,115,1,1.2,1,1,3,0
PAC-0927,54,1,0,110,206,0,0,108,1,0.0,1,1,2,0
PAC-0928,42,1,2,120,240,1,1,194,0,0.8,0,0,3,1
PAC-0929,54,1,0,124,266,0,0,109,1,2.2,1,1,3,0
PAC-0930,60,1,0,130,206,0,0,132,1,2.4,1,2,3,0
PAC-0931,65,1,0,135,254,0,0,127,0,2.8,1,1,3,0
PAC-0932,40,1,0,152,223,0,1,181,0,0.0,2,0,3,0
PAC-0933,51,0,2,140,308,0,0,142,0,1.5,2,1,2,1
PAC-0934,38,1,3,120,231,0,1,182,1,3.8,1,0,3,0
PAC-0935,42,1,2,130,180,0,1,150,0,0.0,2,0,2,1
PAC-0936,56,1,1,120,240,0,1,169,0,0.0,0,0,2,1
PAC-0937,43,1,2,130,315,0,1,162,0,1.9,2,1,2,1
PAC-0938,64,1,2,140,335,0,1,158,0,0.0,2,0,2,0
PAC-0939,53,1,0,142,226,0,0,111,1,0.0,2,0,3,1
PAC-0940,49,0,1,134,271,0,1,162,0,0.0,1,0,2,1
PAC-0941,57,0,0,140,241,0,1,123,1,0.2,1,0,3,0
PAC-0942,52,0,2,136,196,0,0,169,0,0.1,1,0,2,1
PAC-0943,69,0,3,140,239,0,1,151,0,1.8,2,2,2,1
PAC-0944,65,1,0,120,177,0,1,140,0,0.4,2,0,3,1
PAC-0945,66,0,0,178,228,1,1,165,1,1.0,1,2,3,0
PAC-0946,56,1,3,120,193,0,0,162,0,1.9,1,0,3,1
PAC-0947,67,0,2,152,277,0,1,172,0,0.0,2,1,2,1
PAC-0948,54,0,2,160,201,0,1,163,0,0.0,2,1,2,1
PAC-0949,70,1,0,145,174,0,1,125,1,2.6,0,0,3,0
PAC-0950,57,1,0,132,207,0,1,168,1,0.0,2,0,3,1
PAC-0951,67,1,0,160,286,0,0,108,1,1.5,1,3,2,0
PAC-0952,62,0,2,130,263,0,1,97,0,1.2,1,1,3,0
PAC-0953,54,0,2,135,304,1,1,170,0,0.0,2,0,2,1
PAC-0954,45,0,0,138,236,0,0,152,1,0.2,1,0,2,1
PAC-0955,53,0,0,130,264,0,0,143,0,0.4,1,0,2,1
PAC-0956,62,1,2,130,231,0,1,146,0,1.8,1,3,3,1
PAC-0957,49,0,0,130,269,0,1,163,0,0.0,2,0,2,1
PAC-0958,50,1,2,140,233,0,1,163,0,0.6,1,1,3,0
PAC-0959,65,0,2,140,417,1,0,157,0,0.8,2,1,2,1
PAC-0960,69,0,3,140,239,0,1,151,0,1.8,2,2,2,1
PAC-0961,52,0,2,136,196,0,0,169,0,0.1,1,0,2,1
PAC-0962,58,0,0,100,248,0,0,122,0,1.0,1,0,2,1
PAC-0963,52,1,0,108,233,1,1,147,0,0.1,2,3,3,1
PAC-0964,57,0,0,140,241,0,1,123,1,0.2,1,0,3,0
PAC-0965,44,0,2,108,141,0,1,175,0,0.6,1,0,2,1
PAC-0966,76,0,2,140,197,0,2,116,0,1.1,1,0,2,1
PAC-0967,58,1,0,128,259,0,0,130,1,3.0,1,2,3,0
PAC-0968,60,0,2,120,178,1,1,96,0,0.0,2,0,2,1
PAC-0969,53,1,0,140,203,1,0,155,1,3.1,0,0,3,0
PAC-0970,52,1,1,120,325,0,1,172,0,0.2,2,0,2,1
PAC-0971,38,1,2,138,175,0,1,173,0,0.0,2,4,2,1
PAC-0972,52,1,2,172,199,1,1,162,0,0.5,2,0,3,1
PAC-0973,52,1,3,118,186,0,0,190,0,0.0,1,0,1,1
PAC-0974,51,1,2,125,245,1,0,166,0,2.4,1,0,2,1
PAC-0975,43,1,0,110,211,0,1,161,0,0.0,2,0,3,1
PAC-0976,39,1,0,118,219,0,1,140,0,1.2,1,0,3,0
PAC-0977,63,0,0,108,269,0,1,169,1,1.8,1,2,2,0
PAC-0978,52,1,1,128,205,1,1,184,0,0.0,2,0,2,1
PAC-0979,44,1,0,110,197,0,0,177,0,0.0,2,1,2,0
PAC-0980,45,1,0,142,309,0,0,147,1,0.0,1,3,3,0
PAC-0981,57,1,0,140,192,0,1,148,0,0.4,1,0,1,1
PAC-0982,39,1,0,118,219,0,1,140,0,1.2,1,0,3,0
PAC-0983,67,0,0,106,223,0,1,142,0,0.3,2,2,2,1
PAC-0984,64,1,0,128,263,0,1,105,1,0.2,1,1,3,1
PAC-0985,59,1,0,135,234,0,1,161,0,0.5,1,0,3,1
PAC-0986,62,1,2,130,231,0,1,146,0,1.8,1,3,3,1
PAC-0987,55,0,0,180,327,0,2,117,1,3.4,1,0,2,0
PAC-0988,57,1,1,154,232,0,0,164,0,0.0,2,1,2,0
PAC-0989,60,1,0,140,293,0,0,170,0,1.2,1,2,3,0
PAC-0990,71,0,1,160,302,0,1,162,0,0.4,2,2,2,1
PAC-0991,56,1,1,120,236,0,1,178,0,0.8,2,0,2,1
PAC-0992,60,1,0,117,230,1,1,160,1,1.4,2,2,3,0
PAC-0993,50,0,0,110,254,0,0,159,0,0.0,2,0,2,1
PAC-0994,43,1,0,132,247,1,0,143,1,0.1,1,4,3,0
PAC-0995,59,1,0,110,239,0,0,142,1,1.2,1,1,3,0
PAC-0996,44,1,1,120,263,0,1,173,0,0.0,2,0,3,1
PAC-0997,56,0,0,134,409,0,0,150,1,1.9,1,2,3,0
PAC-0998,54,1,0,120,188,0,1,113,0,1.4,1,1,3,0
PAC-0999,42,1,0,136,315,0,1,125,1,1.8,1,0,1,0
PAC-1000,67,1,0,125,254,1,1,163,0,0.2,1,2,3,0
PAC-1001,64,1,0,145,212,0,0,132,0,2.0,1,2,1,0
PAC-1002,42,1,0,140,226,0,1,178,0,0.0,2,0,2,1
PAC-1003,66,1,0,112,212,0,0,132,1,0.1,2,1,2,0
PAC-1004,52,1,0,108,233,1,1,147,0,0.1,2,3,3,1
PAC-1005,51,0,2,140,308,0,0,142,0,1.5,2,1,2,1
PAC-1006,55,0,0,128,205,0,2,130,1,2.0,1,1,3,0
PAC-1007,58,1,2,140,211,1,0,165,0,0.0,2,0,2,1
PAC-1008,56,1,3,120,193,0,0,162,0,1.9,1,0,3,1
PAC-1009,42,1,1,120,295,0,1,162,0,0.0,2,0,2,1
PAC-1010,40,1,0,152,223,0,1,181,0,0.0,2,0,3,0
PAC-1011,51,1,0,140,299,0,1,173,1,1.6,2,0,3,0
PAC-1012,45,1,1,128,308,0,0,170,0,0.0,2,0,2,1
PAC-1013,48,1,1,110,229,0,1,168,0,1.0,0,0,3,0
PAC-1014,58,1,0,114,318,0,2,140,0,4.4,0,3,1,0
PAC-1015,44,0,2,108,141,0,1,175,0,0.6,1,0,2,1
PAC-1016,58,1,0,128,216,0,0,131,1,2.2,1,3,3,0
PAC-1017,65,1,3,138,282,1,0,174,0,1.4,1,1,2,0
PAC-1018,53,1,0,123,282,0,1,95,1,2.0,1,2,3,0
PAC-1019,41,1,0,110,172,0,0,158,0,0.0,2,0,3,0
PAC-1020,47,1,0,112,204,0,1,143,0,0.1,2,0,2,1
PAC-1021,59,1,1,140,221,0,1,164,1,0.0,2,0,2,1
PAC-1022,60,1,0,125,258,0,0,141,1,2.8,1,1,3,0
PAC-1023,47,1,0,110,275,0,0,118,1,1.0,1,1,2,0
PAC-1024,50,0,0,110,254,0,0,159,0,0.0,2,0,2,1
PAC-1025,54,1,0,120,188,0,1,113,0,1.4,1,1,3,0
